,leading_lepton_pt,dilepton_del_phi,leptons_invariant_mass,dilepton_jet_pt,Selected_loosejet_leadingpt,leading_lepton_jet_pt,dilepton_jet_mass,sphericity,aplanery,delR_leadinglepton_jet,delR_ele_muon,subleading_lepton_pt,HT,ST,MT2,centrality,lepton_pt_asymmetry,PuppiMET_pt_corr,PuppiMET_phi_corr,dilepton_invariant_mass,mbl_min,mbl_max,max_delR,min_delR,jet_pt_ratio,dijet_mass
leading_lepton_pt,1.0,0.0057117672643195415,0.621381493281432,0.32044324327974455,0.016065111662393515,0.4247764611247001,0.6156813670292179,-0.041653224586577116,-0.09961834440100141,0.013629597975640888,0.1489039233077773,0.521795531700769,0.2323575721954545,0.5766843056269884,-0.02004060423691534,-0.07747627158365977,0.5259575697913677,0.0927166144320787,0.0005261968801913943,0.621381493281432,0.19958591403503465,0.49667637228774164,0.03926436170126433,-0.15749886441715033,0.1964752927091003,0.11849659207889673
dilepton_del_phi,0.0057117672643195415,1.0,0.003603838233651516,-7.161227549349015e-05,0.003335253079946224,-2.2937323063938473e-05,0.003355168341721903,0.0030404501998522993,0.0011793482949596838,0.002423623193881271,0.0014904047338195384,0.0032694189271348833,0.0003586723624019353,0.003608499303697081,-0.0008199774494175998,-0.0012931741030328733,0.003388079824975122,0.002736812514867441,0.0014990472247274219,0.003603838233651516,0.0018712869736442167,0.002599329991793361,-0.0006233210550143399,-0.0016305315318339494,-0.0006045174787036727,-0.0048312090930229465
leptons_invariant_mass,0.621381493281432,0.003603838233651516,1.0,0.14931510024698105,-0.0008587332033742179,0.3229795049999204,0.7183411240921234,-0.10842521786367071,-0.0895488388889583,-0.0003619413066548303,0.6630002078896063,0.6801849654093155,0.0646050346041329,0.36570188502284007,-0.13767791309421423,-0.2154543248058793,0.031907512436632604,0.058804392944113874,0.0028590168224097764,1.0,0.10595010151130722,0.45579336316093083,0.16868954683237564,-0.250695357190317,0.05300141786137864,0.11304149362657867
dilepton_jet_pt,0.32044324327974455,-7.161227549349015e-05,0.14931510024698105,1.0,0.027338023608885938,0.8495032841057835,0.20260741784553493,-0.1123870530599538,-0.1392104690552439,-0.4584457454921101,-0.006600319758800373,0.12846291867186968,0.6130329756594327,0.6056835861866837,0.11106217806552549,0.6435602750171655,0.17227411772811735,0.26229493901402046,-0.005549168014375766,0.1493151002469812,0.10847206935116911,0.19170236234650073,-0.2631322761265238,-0.40808064382769393,0.2643149688273128,0.46684412009381954
Selected_loosejet_leadingpt,0.016065111662393515,0.003335253079946224,-0.0008587332033742179,0.027338023608885938,1.0,0.021365399440777817,0.01041361978326307,-0.0036537937645839914,-0.010516281861760143,-0.006764383675448685,-0.01588401339515237,0.001224339377583545,0.01896411943394394,0.026735587223816734,-0.008554437804702763,0.025504913124136646,0.018213832352098093,0.024608625735326368,0.002866722443219689,-0.0008587332033742225,0.010894015330957154,0.012863213427995322,-0.003465012100718931,-0.0026181426479600844,0.025366303455464666,0.017977097434921728
leading_lepton_jet_pt,0.4247764611247001,-2.2937323063938473e-05,0.3229795049999204,0.8495032841057835,0.021365399440777817,1.0,0.2990311677231534,-0.09862144713809688,-0.11463930906138764,-0.5902334110800974,0.1719032624251494,0.27269104087844065,0.5179970393744838,0.5954021934610079,-0.04945616912492356,0.460261233304173,0.16199114804177261,0.24544462978217335,-0.0031505244956403352,0.3229795049999203,0.20494758320302528,0.19923620481715096,-0.20133060530174285,-0.36494514154937185,0.21725472091921144,0.3952974083303929
dilepton_jet_mass,0.6156813670292179,0.003355168341721903,0.7183411240921234,0.20260741784553493,0.01041361978326307,0.2990311677231534,1.0,-0.19349846052410366,-0.19683086354782212,0.3394279048963211,0.32646887831800503,0.5042147149837125,0.34019798770157783,0.5149750966964428,-0.07566990152453891,-0.310422216982113,0.1610843532055591,0.07774541863813496,-0.00021970389118035997,0.7183411240921233,0.5498794139304337,0.9260735325962897,0.4683758710343834,0.08081344825293992,0.22048870652697872,0.27080248144245617
sphericity,-0.041653224586577116,0.0030404501998522993,-0.10842521786367071,-0.1123870530599538,-0.0036537937645839914,-0.09862144713809688,-0.19349846052410366,1.0,0.6443261722449707,-0.07737138583043603,-0.08364629772426702,0.017666898860127716,-0.1694427159857175,-0.17236595266893598,0.023175957668053766,0.16961353309923824,-0.04470609428496989,-0.1435823807364586,0.0016951692267368802,-0.10842521786367072,-0.048710187665232454,-0.2015651115196593,-0.1512483759634952,0.001163105233036466,-0.1509604316202084,-0.2704758988305338
aplanery,-0.09961834440100141,0.0011793482949596838,-0.0895488388889583,-0.1392104690552439,-0.010516281861760143,-0.11463930906138764,-0.19683086354782212,0.6443261722449707,1.0,-0.09968421378420182,-0.05768033096533455,0.022531350481651436,-0.21642000775273235,-0.21120845213752967,0.021035410649394577,0.10629752611893911,-0.1132182910019122,-0.12397527763251098,0.00023970965490602706,-0.08954883888895833,-0.040585234182023415,-0.21907444191360978,-0.16987291074684127,0.024995138288958347,-0.18216927875612468,-0.24874914283172841
delR_leadinglepton_jet,0.013629597975640888,0.002423623193881271,-0.0003619413066548303,-0.4584457454921101,-0.006764383675448685,-0.5902334110800974,0.3394279048963211,-0.07737138583043603,-0.09968421378420182,1.0,-0.0910754695286383,-0.04938839073955205,-0.0850855689773859,-0.10234943821575151,0.006589204052689446,-0.5570401571978134,0.055296298677160204,-0.11601449663003095,0.0009379933677335333,-0.00036194130665482876,0.23916919614504392,0.4494717028859855,0.5391212711286901,0.5056909213374582,0.027974463073394542,-0.0883600547332898
delR_ele_muon,0.1489039233077773,0.0014904047338195384,0.6630002078896063,-0.006600319758800373,-0.01588401339515237,0.1719032624251494,0.32646887831800503,-0.08364629772426702,-0.05768033096533455,-0.0910754695286383,1.0,0.18554590517613037,-0.07986570945367046,0.04185567836214782,-0.3867158768081227,-0.16874959048330532,-0.0133787626318442,0.039376344817029035,0.0015476539243101755,0.6630002078896062,-0.16900803809302203,0.16437668436353164,0.11494127650951012,-0.3710632337586203,-0.06614633272177749,0.05989255764416422
subleading_lepton_pt,0.521795531700769,0.0032694189271348833,0.6801849654093155,0.12846291867186968,0.001224339377583545,0.27269104087844065,0.5042147149837125,0.017666898860127716,0.022531350481651436,-0.04938839073955205,0.18554590517613037,1.0,0.10026338832709762,0.3985147005015798,-0.02200251388311843,-0.16310183174105877,-0.3525980034318126,0.035864328987686524,0.0018265690256533812,0.6801849654093155,0.24740522060160888,0.28473649121648287,0.006825907651963975,-0.17825383264475184,0.07761945559919355,0.07069816235575481
HT,0.2323575721954545,0.0003586723624019353,0.0646050346041329,0.6130329756594327,0.01896411943394394,0.5179970393744838,0.34019798770157783,-0.1694427159857175,-0.21642000775273235,-0.0850855689773859,-0.07986570945367046,0.10026338832709762,1.0,0.8269220279160234,-0.07851554799856222,0.23814291318455005,0.11460200108074313,0.293703939402904,-0.002176636811655669,0.06460503460413289,0.3031018551338034,0.39995976344019835,-0.038770060981559176,-0.15160197231601602,0.40118025323078915,0.6688999787281859
ST,0.5766843056269884,0.003608499303697081,0.36570188502284007,0.6056835861866837,0.026735587223816734,0.5954021934610079,0.5149750966964428,-0.17236595266893598,-0.21120845213752967,-0.10234943821575151,0.04185567836214782,0.3985147005015798,0.8269220279160234,1.0,0.03264085528582778,0.1498102363606248,0.1981067366100122,0.6123144601463846,-0.004531269930863298,0.36570188502284007,0.29588665598354713,0.47978444597195236,-0.033751215509735887,-0.22766793882909464,0.42197130182951903,0.5308207273418188
MT2,-0.02004060423691534,-0.0008199774494175998,-0.13767791309421423,0.11106217806552549,-0.008554437804702763,-0.04945616912492356,-0.07566990152453891,0.023175957668053766,0.021035410649394577,0.006589204052689446,-0.3867158768081227,-0.02200251388311843,-0.07851554799856222,0.03264085528582778,1.0,0.13835564380886042,-0.0018629787155996793,0.2311557856528067,-0.004230660555045487,-0.1376779130942142,0.023013436206207365,-0.04361003358993065,-0.08638432979195101,0.11276697164735325,-0.07013504339844065,-0.027979650938242655
centrality,-0.07747627158365977,-0.0012931741030328733,-0.2154543248058793,0.6435602750171655,0.025504913124136646,0.460261233304173,-0.310422216982113,0.16961353309923824,0.10629752611893911,-0.5570401571978134,-0.16874959048330532,-0.16310183174105877,0.23814291318455005,0.1498102363606248,0.13835564380886042,1.0,0.04867981372825172,0.13097954560842423,-0.0011025338210474437,-0.21545432480587934,-0.224190895368285,-0.2806411823590607,-0.46985842387882293,-0.39839050366729317,0.0854299626252456,0.15801036131442334
lepton_pt_asymmetry,0.5259575697913677,0.003388079824975122,0.031907512436632604,0.17227411772811735,0.018213832352098093,0.16199114804177261,0.1610843532055591,-0.04470609428496989,-0.1132182910019122,0.055296298677160204,-0.0133787626318442,-0.3525980034318126,0.11460200108074313,0.1981067366100122,-0.0018629787155996793,0.04867981372825172,1.0,0.04658267268069865,0.0005966247408789496,0.03190751243663261,-0.026510639781828778,0.22760575010746226,0.03232814659480269,0.002439647155317968,0.10636577162227054,0.040591652308720784
PuppiMET_pt_corr,0.0927166144320787,0.002736812514867441,0.058804392944113874,0.26229493901402046,0.024608625735326368,0.24544462978217335,0.07774541863813496,-0.1435823807364586,-0.12397527763251098,-0.11601449663003095,0.039376344817029035,0.035864328987686524,0.293703939402904,0.6123144601463846,0.2311557856528067,0.13097954560842423,0.04658267268069865,1.0,-0.009196639088052242,0.058804392944113895,0.014056281499648908,0.0769234642660078,-0.0581957086368583,-0.14123661285575909,0.2495566105787248,0.167732479957445
PuppiMET_phi_corr,0.0005261968801913943,0.0014990472247274219,0.0028590168224097764,-0.005549168014375766,0.002866722443219689,-0.0031505244956403352,-0.00021970389118035997,0.0016951692267368802,0.00023970965490602706,0.0009379933677335333,0.0015476539243101755,0.0018265690256533812,-0.002176636811655669,-0.004531269930863298,-0.004230660555045487,-0.0011025338210474437,0.0005966247408789496,-0.009196639088052242,1.0,0.0028590168224097677,-0.0027714662646777318,-0.0013299824510964039,-0.0008968478038225179,-0.000660345420091481,0.0003119093426598684,-0.0009115103326807299
dilepton_invariant_mass,0.621381493281432,0.003603838233651516,1.0,0.1493151002469812,-0.0008587332033742225,0.3229795049999203,0.7183411240921233,-0.10842521786367072,-0.08954883888895833,-0.00036194130665482876,0.6630002078896062,0.6801849654093155,0.06460503460413289,0.36570188502284007,-0.1376779130942142,-0.21545432480587934,0.03190751243663261,0.058804392944113895,0.0028590168224097677,1.0,0.10595010151130722,0.45579336316093083,0.16868954683237564,-0.250695357190317,0.05300141786137864,0.11304149362657867
mbl_min,0.19958591403503465,0.0018712869736442167,0.10595010151130722,0.10847206935116911,0.010894015330957154,0.20494758320302528,0.5498794139304337,-0.048710187665232454,-0.040585234182023415,0.23916919614504392,-0.16900803809302203,0.24740522060160888,0.3031018551338034,0.29588665598354713,0.023013436206207365,-0.224190895368285,-0.026510639781828778,0.014056281499648908,-0.0027714662646777318,0.10595010151130722,1.0,0.4985531897914534,0.3499087107193549,0.5829222126363168,0.17544629696860004,0.16666667789046388
mbl_max,0.49667637228774164,0.002599329991793361,0.45579336316093083,0.19170236234650073,0.012863213427995322,0.19923620481715096,0.9260735325962897,-0.2015651115196593,-0.21907444191360978,0.4494717028859855,0.16437668436353164,0.28473649121648287,0.39995976344019835,0.47978444597195236,-0.04361003358993065,-0.2806411823590607,0.22760575010746226,0.0769234642660078,-0.0013299824510964039,0.45579336316093083,0.4985531897914534,1.0,0.5226979006185912,0.10512533132100176,0.24856227392568225,0.3105564576444518
max_delR,0.03926436170126433,-0.0006233210550143399,0.16868954683237564,-0.2631322761265238,-0.003465012100718931,-0.20133060530174285,0.4683758710343834,-0.1512483759634952,-0.16987291074684127,0.5391212711286901,0.11494127650951012,0.006825907651963975,-0.038770060981559176,-0.033751215509735887,-0.08638432979195101,-0.46985842387882293,0.03232814659480269,-0.0581957086368583,-0.0008968478038225179,0.16868954683237564,0.3499087107193549,0.5226979006185912,1.0,0.36624097373123754,0.032373976216872005,-0.0006514760107702609
min_delR,-0.15749886441715033,-0.0016305315318339494,-0.250695357190317,-0.40808064382769393,-0.0026181426479600844,-0.36494514154937185,0.08081344825293992,0.001163105233036466,0.024995138288958347,0.5056909213374582,-0.3710632337586203,-0.17825383264475184,-0.15160197231601602,-0.22766793882909464,0.11276697164735325,-0.39839050366729317,0.002439647155317968,-0.14123661285575909,-0.000660345420091481,-0.250695357190317,0.5829222126363168,0.10512533132100176,0.36624097373123754,1.0,-0.02511542999321844,-0.17043112927332296
jet_pt_ratio,0.1964752927091003,-0.0006045174787036727,0.05300141786137864,0.2643149688273128,0.025366303455464666,0.21725472091921144,0.22048870652697872,-0.1509604316202084,-0.18216927875612468,0.027974463073394542,-0.06614633272177749,0.07761945559919355,0.40118025323078915,0.42197130182951903,-0.07013504339844065,0.0854299626252456,0.10636577162227054,0.2495566105787248,0.0003119093426598684,0.05300141786137864,0.17544629696860004,0.24856227392568225,0.032373976216872005,-0.02511542999321844,1.0,0.11909564053980928
dijet_mass,0.11849659207889673,-0.0048312090930229465,0.11304149362657867,0.46684412009381954,0.017977097434921728,0.3952974083303929,0.27080248144245617,-0.2704758988305338,-0.24874914283172841,-0.0883600547332898,0.05989255764416422,0.07069816235575481,0.6688999787281859,0.5308207273418188,-0.027979650938242655,0.15801036131442334,0.040591652308720784,0.167732479957445,-0.0009115103326807299,0.11304149362657867,0.16666667789046388,0.3105564576444518,-0.0006514760107702609,-0.17043112927332296,0.11909564053980928,1.0
