,leading_lepton_pt,dilepton_del_phi,leptons_invariant_mass,dilepton_jet_pt,Selected_loosejet_leadingpt,leading_lepton_jet_pt,dilepton_jet_mass,sphericity,aplanery,delR_leadinglepton_jet,delR_ele_muon,subleading_lepton_pt,HT,ST,MT2,centrality,lepton_pt_asymmetry,PuppiMET_pt_corr,PuppiMET_phi_corr,dilepton_invariant_mass,mbl_min,mbl_max,max_delR,min_delR
leading_lepton_pt,1.0,0.0008823267242722466,0.6647993926098151,0.241261764765945,0.029342688114819066,0.42866762847399065,0.7444192316765347,-0.09737207854457901,-0.12397954578080099,0.14524919309701373,0.18811874152807356,0.5175724161765028,0.3545437084609431,0.7605832762651211,-0.0021322787373130275,-0.20431092041302074,0.5392191539044372,0.14377208865813973,0.0009265144478160306,0.6647993926098151,0.25648312312878946,0.6704648249197509,0.06945039299180875,-0.19260511899428318
dilepton_del_phi,0.0008823267242722466,1.0,0.0013689878844453218,-0.0009730823282761839,-0.00037774508587172317,-1.1548696419888983e-05,0.00047714579330263165,-0.00039770303994662875,-0.000324879999719407,0.000723917499489396,-2.246197420626615e-05,0.0013078414362296205,-0.000853430939421951,0.0003768007257761015,0.0006743993965566098,-0.0009517770438043494,-0.00011485552275403172,0.0001112904677431158,-9.75452286657785e-05,0.0013689878844453218,-0.0005001879612574927,-0.00011465500917228727,-0.0007898805003219585,-1.0137436960898062e-05
leptons_invariant_mass,0.6647993926098151,0.0013689878844453218,1.0,0.1130168938749536,0.02058752945341571,0.4112986996922093,0.7829271554135402,-0.14031498499773137,-0.07856368614380717,0.05869520565845057,0.6617749596029256,0.7311466866852141,0.15763122150061293,0.549278525381644,-0.1980221510200494,-0.2840570898176542,0.04648875130489103,0.0786388850540643,0.0005903468594991897,1.0,0.23222391683460109,0.5281629304173915,0.11076760713441819,-0.26489177731842206
dilepton_jet_pt,0.241261764765945,-0.0009730823282761839,0.1130168938749536,1.0,0.047894910812223274,0.7469001230685764,0.176815974470139,-0.13045438244507856,-0.09259987412420018,-0.37636489174591664,0.03424823912456581,0.046126769190965033,0.4019381350157924,0.5660591767393777,0.22171821561015412,0.6466441192339014,0.1659718853296142,0.6550319051304051,-0.0013686759357363582,0.11301689387495362,0.08590643271310656,0.17947108346999255,-0.18992484676972507,-0.3211904914827799
Selected_loosejet_leadingpt,0.029342688114819066,-0.00037774508587172317,0.02058752945341571,0.047894910812223274,1.0,0.040971589378970566,0.03483565177274488,-0.006353818304362476,-0.008904095609149327,-0.0010192312718843653,0.0040541447990163106,0.017264515152443826,0.0221950742842789,0.03969425493542254,-0.004517113260927549,0.02539494488666755,0.015299736149613356,0.03201417058726262,0.0003150564140893584,0.02058752945341572,0.03680068212113903,0.03207394406518443,0.008434770270844348,0.0021565406607609344
leading_lepton_jet_pt,0.42866762847399065,-1.1548696419888983e-05,0.4112986996922093,0.7469001230685764,0.040971589378970566,1.0,0.3345674374208218,-0.09893315224864248,-0.018683204967072868,-0.5478321997016533,0.2553545783526459,0.3643639455262129,0.29003502114354957,0.6060894464588725,-0.0676340701910057,0.3600505632940148,0.09394999587243523,0.5042960283576391,-0.0007642518703313569,0.4112986996922092,0.21829357793471119,0.1971908932836025,-0.23356240703774817,-0.2911709534672375
dilepton_jet_mass,0.7444192316765347,0.00047714579330263165,0.7829271554135402,0.176815974470139,0.03483565177274488,0.3345674374208218,1.0,-0.22839855176913967,-0.18032141939418167,0.3523278095494717,0.35285345377927196,0.5521298361185089,0.5700161846176022,0.7307193433609892,-0.10648906955085137,-0.3543595797555587,0.2514810445229169,0.1205960693026333,0.00046823317022622176,0.7829271554135402,0.5394014731379179,0.9248670255907722,0.38263395039378556,-0.039071308661308354
sphericity,-0.09737207854457901,-0.00039770303994662875,-0.14031498499773137,-0.13045438244507856,-0.006353818304362476,-0.09893315224864248,-0.22839855176913967,1.0,0.5153836857109402,-0.15464345240568783,-0.10909419611692306,0.020433466775688677,-0.11872959612757132,-0.14250482436632197,0.009555762383803915,0.19150656012325656,-0.1143183409232274,-0.12725442258865535,0.00028582663195473776,-0.14031498499773135,0.02042101613045581,-0.2513914507777562,-0.23850232705569926,0.057728498063271204
aplanery,-0.12397954578080099,-0.000324879999719407,-0.07856368614380717,-0.09259987412420018,-0.008904095609149327,-0.018683204967072868,-0.18032141939418167,0.5153836857109402,1.0,-0.1915148041736462,-0.05260067446076539,0.06147715123123097,-0.13770097218845262,-0.1353872411268314,-0.00911912290093479,0.1130187782873526,-0.20058096872987782,-0.08660605869389314,0.001873572908731726,-0.07856368614380717,0.011499974680415699,-0.21549584749412404,-0.2268777484870115,0.023598633824716823
delR_leadinglepton_jet,0.14524919309701373,0.000723917499489396,0.05869520565845057,-0.37636489174591664,-0.0010192312718843653,-0.5478321997016533,0.3523278095494717,-0.15464345240568783,-0.1915148041736462,1.0,-0.09541555326612358,-0.031817679154055534,0.16278023456903995,0.010208869449831149,0.014231680365945213,-0.5127340521553282,0.18243316255026193,-0.25766254490934903,0.0009162273163467669,0.058695205658450524,0.19393725962336472,0.4691566991925436,0.5680076765157491,0.3536923022928645
delR_ele_muon,0.18811874152807356,-2.246197420626615e-05,0.6617749596029256,0.03424823912456581,0.0040541447990163106,0.2553545783526459,0.35285345377927196,-0.10909419611692306,-0.05260067446076539,-0.09541555326612358,1.0,0.2514140674834483,-0.014779881359162318,0.15552580961977347,-0.49759449589534954,-0.1503316996551722,-0.03215322502864767,0.055261724414954964,-2.6122183401688576e-05,0.6617749596029256,-0.10733665461737542,0.1779648909165537,-0.0117325069735106,-0.4179999563742837
subleading_lepton_pt,0.5175724161765028,0.0013078414362296205,0.7311466866852141,0.046126769190965033,0.017264515152443826,0.3643639455262129,0.5521298361185089,0.020433466775688677,0.06147715123123097,-0.031817679154055534,0.2514140674834483,1.0,0.09922772167046029,0.49071182479093695,-0.08219600000321317,-0.25568134833422906,-0.33477535115335133,0.01735452418104941,0.0012094024562971813,0.7311466866852141,0.340630462385975,0.31025929683866266,-0.02056248031896586,-0.1867293878900408
HT,0.3545437084609431,-0.000853430939421951,0.15763122150061293,0.4019381350157924,0.0221950742842789,0.29003502114354957,0.5700161846176022,-0.11872959612757132,-0.13770097218845262,0.16278023456903995,-0.014779881359162318,0.09922772167046029,1.0,0.7071697501398154,-0.09401829832978995,-0.03440416354200616,0.2223125115058039,0.2881118817787154,0.00023914460055274707,0.15763122150061304,0.45358415222346016,0.6852866345226578,0.14269068586355912,-0.13036018385439024
ST,0.7605832762651211,0.0003768007257761015,0.549278525381644,0.5660591767393777,0.03969425493542254,0.6060894464588725,0.7307193433609892,-0.14250482436632197,-0.1353872411268314,0.010208869449831149,0.15552580961977347,0.49071182479093695,0.7071697501398154,1.0,0.07730266053871351,0.021727461719459697,0.30493465890852045,0.6221632505730453,0.0020261590240085513,0.549278525381644,0.3890342093002222,0.6941768430158227,0.03288681197980535,-0.28203078946327154
MT2,-0.0021322787373130275,0.0006743993965566098,-0.1980221510200494,0.22171821561015412,-0.004517113260927549,-0.0676340701910057,-0.10648906955085137,0.009555762383803915,-0.00911912290093479,0.014231680365945213,-0.49759449589534954,-0.08219600000321317,-0.09401829832978995,0.07730266053871351,1.0,0.27077800880367453,0.07679832282430671,0.30441378100876515,0.0002078902709554023,-0.19802215102004947,-0.0005379092511318117,-0.05160022604815982,0.0035441731431426807,0.16421905358751857
centrality,-0.20431092041302074,-0.0009517770438043494,-0.2840570898176542,0.6466441192339014,0.02539494488666755,0.3600505632940148,-0.3543595797555587,0.19150656012325656,0.1130187782873526,-0.5127340521553282,-0.1503316996551722,-0.25568134833422906,-0.03440416354200616,0.021727461719459697,0.27077800880367453,1.0,-0.007433418533746705,0.41231267243763453,-0.0016453083355324907,-0.2840570898176543,-0.26288222648621895,-0.31266558419933477,-0.3819084774175042,-0.28637159968468173
lepton_pt_asymmetry,0.5392191539044372,-0.00011485552275403172,0.04648875130489103,0.1659718853296142,0.015299736149613356,0.09394999587243523,0.2514810445229169,-0.1143183409232274,-0.20058096872987782,0.18243316255026193,-0.03215322502864767,-0.33477535115335133,0.2223125115058039,0.30493465890852045,0.07679832282430671,-0.007433418533746705,1.0,0.10731065158902775,-0.00027552987116794925,0.04648875130489104,-0.041417885115415255,0.36967759512909154,0.0900408129454116,-0.019026599357854442
PuppiMET_pt_corr,0.14377208865813973,0.0001112904677431158,0.0786388850540643,0.6550319051304051,0.03201417058726262,0.5042960283576391,0.1205960693026333,-0.12725442258865535,-0.08660605869389314,-0.25766254490934903,0.055261724414954964,0.01735452418104941,0.2881118817787154,0.6221632505730453,0.30441378100876515,0.41231267243763453,0.10731065158902775,1.0,0.0028727783378455253,0.07863888505406433,0.045776805118341896,0.12410638141835556,-0.11619084924260581,-0.23749742676074462
PuppiMET_phi_corr,0.0009265144478160306,-9.75452286657785e-05,0.0005903468594991897,-0.0013686759357363582,0.0003150564140893584,-0.0007642518703313569,0.00046823317022622176,0.00028582663195473776,0.001873572908731726,0.0009162273163467669,-2.6122183401688576e-05,0.0012094024562971813,0.00023914460055274707,0.0020261590240085513,0.0002078902709554023,-0.0016453083355324907,-0.00027552987116794925,0.0028727783378455253,1.0,0.0005903468594991908,0.0005866682248563363,0.0002732333968003365,0.0001901539680427098,0.0005086243333693042
dilepton_invariant_mass,0.6647993926098151,0.0013689878844453218,1.0,0.11301689387495362,0.02058752945341572,0.4112986996922092,0.7829271554135402,-0.14031498499773135,-0.07856368614380717,0.058695205658450524,0.6617749596029256,0.7311466866852141,0.15763122150061304,0.549278525381644,-0.19802215102004947,-0.2840570898176543,0.04648875130489104,0.07863888505406433,0.0005903468594991908,1.0,0.23222391683460109,0.5281629304173915,0.11076760713441819,-0.26489177731842206
mbl_min,0.25648312312878946,-0.0005001879612574927,0.23222391683460109,0.08590643271310656,0.03680068212113903,0.21829357793471119,0.5394014731379179,0.02042101613045581,0.011499974680415699,0.19393725962336472,-0.10733665461737542,0.340630462385975,0.45358415222346016,0.3890342093002222,-0.0005379092511318117,-0.26288222648621895,-0.041417885115415255,0.045776805118341896,0.0005866682248563363,0.23222391683460109,1.0,0.45778118643874505,0.26969699598717356,0.5349817831094268
mbl_max,0.6704648249197509,-0.00011465500917228727,0.5281629304173915,0.17947108346999255,0.03207394406518443,0.1971908932836025,0.9248670255907722,-0.2513914507777562,-0.21549584749412404,0.4691566991925436,0.1779648909165537,0.31025929683866266,0.6852866345226578,0.6941768430158227,-0.05160022604815982,-0.31266558419933477,0.36967759512909154,0.12410638141835556,0.0002732333968003365,0.5281629304173915,0.45778118643874505,1.0,0.4657818186265831,-0.029777907890393022
max_delR,0.06945039299180875,-0.0007898805003219585,0.11076760713441819,-0.18992484676972507,0.008434770270844348,-0.23356240703774817,0.38263395039378556,-0.23850232705569926,-0.2268777484870115,0.5680076765157491,-0.0117325069735106,-0.02056248031896586,0.14269068586355912,0.03288681197980535,0.0035441731431426807,-0.3819084774175042,0.0900408129454116,-0.11619084924260581,0.0001901539680427098,0.11076760713441819,0.26969699598717356,0.4657818186265831,1.0,0.28269436202153014
min_delR,-0.19260511899428318,-1.0137436960898062e-05,-0.26489177731842206,-0.3211904914827799,0.0021565406607609344,-0.2911709534672375,-0.039071308661308354,0.057728498063271204,0.023598633824716823,0.3536923022928645,-0.4179999563742837,-0.1867293878900408,-0.13036018385439024,-0.28203078946327154,0.16421905358751857,-0.28637159968468173,-0.019026599357854442,-0.23749742676074462,0.0005086243333693042,-0.26489177731842206,0.5349817831094268,-0.029777907890393022,0.28269436202153014,1.0
